{"cameraMode":{"drawMode":0,"name":"Shaded","section":"Shading Mode"},"sceneLighting":true,"audioPlay":false,"sceneViewState":{"m_AlwaysRefresh":false,"showFog":true,"showSkybox":true,"showFlares":true,"showImageEffects":true,"showParticleSystems":true,"showVisualEffectGraphs":true,"m_FxEnabled":true},"in2DMode":false,"pivot":{"x":45.50828170776367,"y":91.71977233886719,"z":2.544351577758789},"rotation":{"x":0.02427016943693161,"y":-0.09340763837099076,"z":0.0015917136333882809,"w":0.9954712390899658},"size":97.18882751464844,"orthographic":true}